overall,SEX_RAC1P_priv,SEX_RAC1P_dis,SEX_priv,SEX_dis,RAC1P_priv,RAC1P_dis
0.8756030611644587,0.8790393035681505,0.87438683945595,0.8886784677679436,0.8615246013244968,0.8678614097339576,0.892430643752339
0.7959185400026043,0.8502152334716078,0.7648651135141256,0.8445861307849309,0.754268288222713,0.7942333359418475,0.7989524523455525
0.7758364763292169,0.8593073087776217,0.7341522841107959,0.8383438035828614,0.71659948266248,0.7835704421135081,0.7600372013804849
0.1243969388355412,0.12096069643184945,0.12561316054404992,0.11132153223205646,0.1384753986755031,0.13213859026604236,0.10756935624766095
0.2040814599973957,0.14978476652839226,0.2351348864858744,0.155413869215069,0.24573171177728703,0.20576666405815244,0.2010475476544475
0.8314907540528482,0.8649017456365578,0.8115370706480632,0.8655658288991744,0.7992180759013947,0.828228851687018,0.8378824938748194
0.8227009654237509,0.8690544162537581,0.7981458643312929,0.8627763895405722,0.7823991657690836,0.8235542988896478,0.8209303066163345
0.5039165138069506,0.5216568241205117,0.507493402595013,0.50410262107106,0.5037407644705647,0.5115841518327371,0.4889613016919302
1.1286058661379523,1.0229717858690675,1.191080087113741,1.060043385861281,1.2022562869438134,1.1075882453338277,1.1741947101539911
