index,overall,SEX_RAC1P_priv,SEX_RAC1P_dis,SEX_priv,SEX_dis,RAC1P_priv,RAC1P_dis
TPR,0.8383361540947847,0.8925195401346664,0.7907507112326658,0.8901446594202879,0.7814742329930744,0.8399121229798807,0.835111187603558
TNR,0.7866383779140378,0.7875074059366989,0.7911911375652267,0.7929047683189656,0.7812464255644727,0.7812263038124035,0.7963776529338327
PPV,0.7586308494336319,0.8107411683888979,0.7346004856078439,0.7959338061981192,0.7165989531772585,0.7637338829118974,0.748105116186297
FNR,0.16166384590521526,0.10748045986533365,0.20924928876733412,0.1098553405797121,0.21852576700692566,0.16008787702011923,0.16488881239644204
FPR,0.2133616220859622,0.2124925940633011,0.2088088624347732,0.20709523168103444,0.2187535744355273,0.21877369618759646,0.2036223470661673
Accuracy,0.8096028952456497,0.8405278386708226,0.7910097104334498,0.8391397683739763,0.7813608895694122,0.8080476968258761,0.8126096703813346
F1,0.7964860482823095,0.8496651212264166,0.7616387849054965,0.8403923902199976,0.7476276554724017,0.8000106988329869,0.7891883972187699
Selection-Rate,0.49110108571711864,0.5556896189975377,0.45458091632114206,0.531953542267594,0.45199127377598725,0.5026932213710246,0.46882007046871177
Positive-Rate,1.1050626331988793,1.1008575514009455,1.0763965242368851,1.1183717763736127,1.0905166218611488,1.0997420160837055,1.116308411832318
