index,overall,SEX_RAC1P_priv,SEX_RAC1P_dis,SEX_priv,SEX_dis,RAC1P_priv,RAC1P_dis
TPR,0.8571428571428571,0.8548533413970366,0.8629407850964738,0.8653762505437147,0.8482935951379149,0.8482407102926669,0.876521116678597
TNR,0.7941567065073041,0.8629007633587786,0.759313725490196,0.84958804368653,0.7465437788018433,0.7951032690466421,0.7924196787148594
PPV,0.7659317426759287,0.862942612942613,0.7253914988814317,0.8352225020990764,0.702070032888373,0.7749737118822292,0.7475579975579976
FNR,0.14285714285714285,0.1451466586029634,0.1370592149035263,0.13462374945628533,0.1517064048620851,0.1517592897073331,0.12347888332140301
FPR,0.2058432934926959,0.13709923664122137,0.24068627450980393,0.15041195631347,0.2534562211981567,0.20489673095335795,0.20758032128514056
Accuracy,0.8218729859699568,0.8588574901245822,0.803274061529777,0.8569827849648569,0.7885841220784238,0.8192339281714328,0.8270876364709354
F1,0.8089744271359456,0.8588789305787635,0.7882102704345184,0.8500320444349498,0.7682862284323065,0.8099536855326164,0.8069192751235584
Selection-Rate,0.49243964106886123,0.4977210574293528,0.5046570702794242,0.4852806356320668,0.49922735174811667,0.49705069812588665,0.4833284154617881
Positive-Rate,1.1190851735015772,0.9906259449652253,1.1896207584830338,1.0361026533275337,1.2082748948106592,1.0945412693193028,1.1725125268432355
