index,overall,SEX_RAC1P_priv,SEX_RAC1P_dis,SEX_priv,SEX_dis,RAC1P_priv,RAC1P_dis
TPR,0.8779589102277803,0.8826047080403546,0.8744247205785667,0.8898305084745762,0.8654111162149747,0.8723787680209698,0.8899018232819075
TNR,0.7952741863575569,0.8516909711448961,0.7573529411764706,0.8474088291746641,0.7500416319733555,0.7935447968836951,0.798361062825925
PPV,0.7739935032975687,0.8579494799405646,0.7287671232876712,0.8374233128834356,0.7151262099070033,0.7820531649287707,0.7576119402985074
FNR,0.12204108977221974,0.11739529195964536,0.12557527942143326,0.11016949152542373,0.13458888378502526,0.12762123197903014,0.11009817671809256
FPR,0.20472581364244316,0.14830902885510394,0.2426470588235294,0.15259117082533588,0.24995836802664445,0.20645520311630494,0.201638937174075
Accuracy,0.8319865152942343,0.8672620880813058,0.8073574838528503,0.8673053403995108,0.7985326768993146,0.8297472163707493,0.8363134176479139
F1,0.8227046821867643,0.8701024713682941,0.7949790794979079,0.8628318584070797,0.7831237659773459,0.8247502516843491,0.8184456626894551
Selection-Rate,0.5036438451241881,0.5181706190329535,0.5124964897500702,0.49836934366082347,0.5086398300994305,0.5122630153475775,0.48698938799244074
Positive-Rate,1.134323358642251,1.0287373891776215,1.1998685075608153,1.0625814863102998,1.2101515847496556,1.1154980340760157,1.1746143057503506
