index,overall,SEX_RAC1P_priv,SEX_RAC1P_dis,SEX_priv,SEX_dis,RAC1P_priv,RAC1P_dis
TPR,0.8657366071428572,0.8947202023395511,0.8482892188508715,0.8959018189787421,0.834432567659768,0.862585260356014,0.8721600542556799
TNR,0.8092052448488092,0.8326059850374065,0.7902921771913289,0.8403491755577109,0.7826948480845443,0.8028563427611314,0.8203489800933891
PPV,0.7838520614389652,0.8405108405108405,0.7470153496304719,0.8324170230095703,0.7360080240722167,0.7864401638101016,0.7786860429912201
FNR,0.13426339285714287,0.10527979766044894,0.15171078114912848,0.10409818102125794,0.16556743234023197,0.13741473964398604,0.12783994574432012
FPR,0.1907947551511908,0.1673940149625935,0.20970782280867106,0.15965082444228904,0.21730515191545574,0.19714365723886867,0.17965101990661095
Accuracy,0.8343165931287492,0.8634437293988385,0.8147643693816399,0.8664334225149207,0.8044580503204821,0.8301528168478675,0.8421202621829581
F1,0.8227619855748833,0.8667687595712098,0.7944377267230955,0.8629934557736965,0.7821360051161799,0.8227546810536338,0.8227767114523352
Selection-Rate,0.49060532447573246,0.5284884633495527,0.4791609915554345,0.5053508952459353,0.4768965847125227,0.5012544666615981,0.4706469079509832
Positive-Rate,1.1044642857142857,1.064495731900095,1.1355713363460298,1.0762656147271532,1.133727541505572,1.0968224920978207,1.1200406917599186
